WKT,id,name,alt_name,latitude,longitude
"POINT (96.7506481 4.697059)",11.0,ACEH,ACEH,4.697059,96.7506481
"POINT (99.5350272 2.1045365)",12.0,SUMATERA UTARA,SUMATERA UTARA,2.1045365,99.5350272
"POINT (100.7943305 -0.7380982)",13.0,SUMATERA BARAT,SUMATERA BARAT,-0.7380982,100.7943305
"POINT (101.6958954 0.3411152)",14.0,RIAU,RIAU,0.3411152,101.6958954
"POINT (102.4380934 -1.4821757)",15.0,JAMBI,JAMBI,-1.4821757,102.4380934
"POINT (103.9117893 -3.3241382)",16.0,SUMATERA SELATAN,SUMATERA SELATAN,-3.3241382,103.9117893
"POINT (102.2602927 -3.791754)",17.0,BENGKULU,BENGKULU,-3.791754,102.2602927
"POINT (105.3980892 -4.5571165)",18.0,LAMPUNG,LAMPUNG,-4.5571165,105.3980892
"POINT (106.4331221 -2.7467791)",19.0,KEPULAUAN BANGKA BELITUNG,KEPULAUAN BANGKA BELITUNG,-2.7467791,106.4331221
"POINT (108.1451808 3.9148295)",21.0,KEPULAUAN RIAU,KEPULAUAN RIAU,3.9148295,108.1451808
