WKT,Nama Kabupaten/Kota,Latitude,Longitude
"POINT (106.799566 -6.597629)",Kabupaten Bogor,-6.597629,106.799566
"POINT (106.9467755 -6.8768849)",Kabupaten Sukabumi,-6.8768849,106.9467755
"POINT (107.142436 -6.820719)",Kabupaten Cianjur,-6.820719,107.142436
"POINT (107.621161 -7.1333768)",Kabupaten Bandung,-7.1333768,107.621161
"POINT (107.7631292 -7.498944)",Kabupaten Garut,-7.498944,107.7631292
"POINT (108.1419462 -7.6488212)",Kabupaten Tasikmalaya,-7.6488212,108.1419462
"POINT (108.353344 -7.327435)",Kabupaten Ciamis,-7.327435,108.353344
"POINT (108.5697752 -7.0116162)",Kabupaten Kuningan,-7.0116162,108.5697752
"POINT (108.4839033 -6.7556772)",Kabupaten Cirebon,-6.7556772,108.4839033
"POINT (108.2808475 -6.7751256)",Kabupaten Majalengka,-6.7751256,108.2808475
"POINT (107.9489199 -6.8264215)",Kabupaten Sumedang,-6.8264215,107.9489199
"POINT (108.324099 -6.3236502)",Kabupaten Indramayu,-6.3236502,108.324099
"POINT (107.75549 -6.551105)",Kabupaten Subang,-6.551105,107.75549
"POINT (107.4317524 -6.5631483)",Kabupaten Purwakarta,-6.5631483,107.4317524
"POINT (107.3257225 -6.2987616)",Kabupaten Karawang,-6.2987616,107.3257225
"POINT (107.170669 -6.368731)",Kabupaten Bekasi,-6.368731,107.170669
"POINT (107.4920976 -6.8618974)",Kabupaten Bandung Barat,-6.8618974,107.4920976
"POINT (108.4973267 -7.6125344)",Kabupaten Pangandaran,-7.6125344,108.4973267
"POINT (106.8059688 -6.5964649)",Kota Bogor,-6.5964649,106.8059688
"POINT (106.92873 -6.9237)",Kota Sukabumi,-6.9237,106.92873
"POINT (107.619123 -6.917464)",Kota Bandung,-6.917464,107.619123
"POINT (108.552316 -6.732023)",Kota Cirebon,-6.732023,108.552316
"POINT (106.975573 -6.23827)",Kota Bekasi,-6.23827,106.975573
"POINT (106.794241 -6.402484)",Kota Depok,-6.402484,106.794241
"POINT (107.545802 -6.885834)",Kota Cimahi,-6.885834,107.545802
"POINT (108.2109428 -7.349195)",Kota Tasikmalaya,-7.349195,108.2109428
"POINT (108.536952 -7.368067)",Kota Banjar,-7.368067,108.536952
